CRIM,ZN,INDUS,CHAS,NOX,RM,AGE,DIS,RAD,TAX,PTRATIO,B,LSTAT,id,y_true
0.08447,0.0,4.05,0.0,0.51,5.859,68.7,2.7019,5.0,296.0,16.6,393.23,9.64,174,22.6
0.14103,0.0,13.92,0.0,0.437,5.79,58.0,6.32,4.0,289.0,16.0,396.9,15.84,297,20.3
11.1081,0.0,18.1,0.0,0.668,4.906,100.0,1.1742,24.0,666.0,20.2,396.9,34.77,373,13.8
0.08199,0.0,13.92,0.0,0.437,6.009,42.3,5.5027,4.0,289.0,16.0,396.9,10.4,294,21.7
9.91655,0.0,18.1,0.0,0.693,5.852,77.8,1.5004,24.0,666.0,20.2,338.16,29.97,399,6.3
15.8603,0.0,18.1,0.0,0.679,5.896,95.4,1.9096,24.0,666.0,20.2,7.68,24.39,425,8.3
0.12579,45.0,3.44,0.0,0.437,6.556,29.1,4.5667,5.0,398.0,15.2,382.84,4.56,188,29.8
2.37857,0.0,18.1,0.0,0.583,5.871,41.9,3.724,24.0,666.0,20.2,370.73,13.34,484,20.6
0.11432,0.0,8.56,0.0,0.52,6.781,71.3,2.8561,5.0,384.0,20.9,395.58,7.67,101,26.5
0.03237,0.0,2.18,0.0,0.458,6.998,45.8,6.0622,3.0,222.0,18.7,394.63,2.94,3,33.4
24.8017,0.0,18.1,0.0,0.693,5.349,96.0,1.7028,24.0,666.0,20.2,396.9,19.77,403,8.3
0.07244,60.0,1.69,0.0,0.411,5.884,18.5,10.7103,4.0,411.0,18.3,392.33,7.79,352,18.6
0.17783,0.0,9.69,0.0,0.585,5.569,73.5,2.3999,6.0,391.0,19.2,395.77,15.1,499,17.5
0.07978,40.0,6.41,0.0,0.447,6.482,32.1,4.1403,4.0,254.0,17.6,396.9,7.19,278,29.1
0.05497,0.0,5.19,0.0,0.515,5.985,45.4,4.8122,5.0,224.0,20.2,396.9,9.74,339,19.0
0.32264,0.0,21.89,0.0,0.624,5.942,93.5,1.9669,4.0,437.0,21.2,378.25,16.9,136,17.4
9.39063,0.0,18.1,0.0,0.74,5.627,93.9,1.8172,24.0,666.0,20.2,396.9,22.88,439,12.8
0.01301,35.0,1.52,0.0,0.442,7.241,49.3,7.0379,1.0,284.0,15.5,394.74,5.49,341,32.7
4.0974,0.0,19.58,0.0,0.871,5.468,100.0,1.4118,5.0,403.0,14.7,396.9,26.42,143,15.6
2.37934,0.0,19.58,0.0,0.871,6.13,100.0,1.4191,5.0,403.0,14.7,172.91,27.8,145,13.8
0.46296,0.0,6.2,0.0,0.504,7.412,76.9,3.6715,8.0,307.0,17.4,376.14,5.25,231,31.7
9.33889,0.0,18.1,0.0,0.679,6.38,95.6,1.9682,24.0,666.0,20.2,60.72,24.08,429,9.5
7.40389,0.0,18.1,0.0,0.597,5.617,97.9,1.4547,24.0,666.0,20.2,314.64,26.4,408,17.2
2.14918,0.0,19.58,0.0,0.871,5.709,98.5,1.6232,5.0,403.0,14.7,261.95,15.79,153,19.4
8.98296,0.0,18.1,1.0,0.77,6.212,97.4,2.1222,24.0,666.0,20.2,377.73,17.6,356,17.8
0.04819,80.0,3.64,0.0,0.392,6.108,32.0,9.2203,1.0,315.0,16.4,392.89,6.57,254,21.9
0.03537,34.0,6.09,0.0,0.433,6.59,40.4,5.4917,7.0,329.0,16.1,395.75,9.5,301,22.0
0.05515,33.0,2.18,0.0,0.472,7.236,41.1,4.022,7.0,222.0,18.4,393.68,6.93,304,36.1
18.811,0.0,18.1,0.0,0.597,4.628,100.0,1.5539,24.0,666.0,20.2,28.79,34.37,412,17.9
1.27346,0.0,19.58,1.0,0.605,6.25,92.6,1.7984,5.0,403.0,14.7,338.92,5.5,160,27.0
9.96654,0.0,18.1,0.0,0.74,6.485,100.0,1.9784,24.0,666.0,20.2,386.73,18.85,443,15.4
4.03841,0.0,18.1,0.0,0.532,6.229,90.7,3.0993,24.0,666.0,20.2,395.33,12.87,471,19.6
0.13058,0.0,10.01,0.0,0.547,5.872,73.1,2.4775,6.0,432.0,17.8,338.63,15.37,118,20.4
0.62976,0.0,8.14,0.0,0.538,5.949,61.8,4.7075,4.0,307.0,21.0,396.9,8.26,13,20.4
4.83567,0.0,18.1,0.0,0.583,5.905,53.2,3.1523,24.0,666.0,20.2,388.22,11.45,487,20.6
0.17505,0.0,5.96,0.0,0.499,5.966,30.2,3.8473,5.0,279.0,19.2,393.43,10.13,38,24.7
0.04932,33.0,2.18,0.0,0.472,6.849,70.3,3.1827,7.0,222.0,18.4,396.9,7.53,307,28.2
0.09512,0.0,12.83,0.0,0.437,6.286,45.0,4.5026,5.0,398.0,18.7,383.23,8.94,75,21.4
0.08707,0.0,12.83,0.0,0.437,6.14,45.8,4.0905,5.0,398.0,18.7,386.96,10.27,77,20.8
0.37578,0.0,10.59,1.0,0.489,5.404,88.6,3.665,4.0,277.0,18.6,395.24,23.98,211,19.3
0.06466,70.0,2.24,0.0,0.4,6.345,20.1,7.8278,5.0,358.0,14.8,368.24,4.97,298,22.5
0.02055,85.0,0.74,0.0,0.41,6.383,35.7,9.1876,2.0,313.0,17.3,396.9,5.77,56,24.7
17.8667,0.0,18.1,0.0,0.671,6.223,100.0,1.3861,24.0,666.0,20.2,393.74,21.78,379,10.2
0.06905,0.0,2.18,0.0,0.458,7.147,54.2,6.0622,3.0,222.0,18.7,396.9,5.33,4,36.2
0.03768,80.0,1.52,0.0,0.404,7.274,38.3,7.309,2.0,329.0,12.6,392.2,6.62,198,34.6
0.76162,20.0,3.97,0.0,0.647,5.56,62.8,1.9865,5.0,264.0,13.0,392.4,10.45,265,22.8
0.25356,0.0,9.9,0.0,0.544,5.705,77.7,3.945,4.0,304.0,18.4,396.42,11.5,315,16.2
0.12744,0.0,6.91,0.0,0.448,6.77,2.9,5.7209,3.0,233.0,17.9,385.41,4.84,41,26.6
3.77498,0.0,18.1,0.0,0.655,5.952,84.7,2.8715,24.0,666.0,20.2,22.01,17.15,466,19.0
0.26938,0.0,9.9,0.0,0.544,6.266,82.8,3.2628,4.0,304.0,18.4,393.39,7.9,313,21.6
0.13642,0.0,10.59,0.0,0.489,5.891,22.3,3.9454,4.0,277.0,18.6,396.9,10.87,205,22.6
0.10008,0.0,2.46,0.0,0.488,6.563,95.6,2.847,3.0,193.0,17.8,396.9,5.68,183,32.5
13.3598,0.0,18.1,0.0,0.693,5.887,94.7,1.7821,24.0,666.0,20.2,396.9,16.35,394,12.7
22.5971,0.0,18.1,0.0,0.7,5.0,89.5,1.5184,24.0,666.0,20.2,396.9,31.99,387,7.4
5.29305,0.0,18.1,0.0,0.7,6.051,82.5,2.1678,24.0,666.0,20.2,378.38,18.76,391,23.2
0.01439,60.0,2.93,0.0,0.401,6.604,18.8,6.2196,1.0,265.0,15.6,376.7,4.38,194,29.1
23.6482,0.0,18.1,0.0,0.671,6.38,96.2,1.3861,24.0,666.0,20.2,396.9,23.69,378,13.1
8.05579,0.0,18.1,0.0,0.584,5.427,95.4,2.4298,24.0,666.0,20.2,352.58,18.14,474,13.8
5.82115,0.0,18.1,0.0,0.713,6.513,89.9,2.8016,24.0,666.0,20.2,393.82,10.29,463,20.2
0.03932,0.0,3.41,0.0,0.489,6.405,73.9,3.0921,2.0,270.0,17.8,393.55,8.2,91,22.0
2.24236,0.0,19.58,0.0,0.605,5.854,91.8,2.422,5.0,403.0,14.7,395.11,11.64,164,22.7
14.2362,0.0,18.1,0.0,0.693,6.343,100.0,1.5741,24.0,666.0,20.2,396.9,20.32,401,7.2
0.77299,0.0,8.14,0.0,0.538,6.495,94.4,4.4547,4.0,307.0,21.0,387.94,12.8,28,18.4
7.36711,0.0,18.1,0.0,0.679,6.193,78.1,1.9356,24.0,666.0,20.2,96.73,21.52,428,11.0
9.18702,0.0,18.1,0.0,0.7,5.536,100.0,1.5804,24.0,666.0,20.2,396.9,23.6,382,11.3
3.67822,0.0,18.1,0.0,0.77,5.362,96.2,2.1036,24.0,666.0,20.2,380.79,10.19,362,20.8
0.13914,0.0,4.05,0.0,0.51,5.572,88.5,2.5961,5.0,296.0,16.6,396.9,14.69,172,23.1
0.20746,0.0,27.74,0.0,0.609,5.093,98.0,1.8226,4.0,711.0,20.1,318.43,29.68,490,8.1
20.7162,0.0,18.1,0.0,0.659,4.138,100.0,1.1781,24.0,666.0,20.2,370.22,23.34,406,11.9
0.01778,95.0,1.47,0.0,0.403,7.135,13.9,7.6534,3.0,402.0,17.0,384.3,4.45,200,32.9
0.16439,22.0,5.86,0.0,0.431,6.433,49.1,7.8265,7.0,330.0,19.1,374.71,9.52,248,24.5
25.0461,0.0,18.1,0.0,0.693,5.987,100.0,1.5888,24.0,666.0,20.2,396.9,26.77,400,5.6
0.19133,22.0,5.86,0.0,0.431,5.605,70.2,7.9549,7.0,330.0,19.1,389.13,18.46,245,18.5
5.66637,0.0,18.1,0.0,0.74,6.219,100.0,2.0048,24.0,666.0,20.2,395.69,16.59,442,18.4
25.9406,0.0,18.1,0.0,0.679,5.304,89.1,1.6475,24.0,666.0,20.2,127.36,26.64,417,10.4
1.34284,0.0,19.58,0.0,0.605,6.066,100.0,1.7573,5.0,403.0,14.7,353.89,6.43,158,24.3
0.1029,30.0,4.93,0.0,0.428,6.358,52.9,7.0355,6.0,300.0,16.6,372.75,11.22,242,22.2
0.18337,0.0,27.74,0.0,0.609,5.414,98.3,1.7554,4.0,711.0,20.1,344.05,23.97,489,7.0
22.0511,0.0,18.1,0.0,0.74,5.818,92.4,1.8662,24.0,666.0,20.2,391.45,22.11,440,10.5
4.34879,0.0,18.1,0.0,0.58,6.167,84.0,3.0334,24.0,666.0,20.2,396.9,16.29,470,19.9
4.66883,0.0,18.1,0.0,0.713,5.976,87.9,2.5806,24.0,666.0,20.2,10.48,19.01,456,12.7
0.36894,22.0,5.86,0.0,0.431,8.259,8.4,8.9067,7.0,330.0,19.1,396.9,3.54,253,42.8
0.02177,82.5,2.03,0.0,0.415,7.61,15.7,6.27,2.0,348.0,14.7,395.38,3.11,202,42.3
0.01501,80.0,2.01,0.0,0.435,6.635,29.7,8.344,4.0,280.0,17.0,390.94,5.99,348,24.5
0.02729,0.0,7.07,0.0,0.469,7.185,61.1,4.9671,2.0,242.0,17.8,392.83,4.03,2,34.7
0.0459,52.5,5.32,0.0,0.405,6.315,45.6,7.3172,6.0,293.0,16.6,396.9,7.6,288,22.3
0.06724,0.0,3.24,0.0,0.46,6.333,17.2,5.2146,4.0,430.0,16.9,375.21,7.34,329,22.6
0.08826,0.0,10.81,0.0,0.413,6.417,6.6,5.2873,4.0,305.0,19.2,383.73,6.72,70,24.2
0.03427,0.0,5.19,0.0,0.515,5.869,46.3,5.2311,5.0,224.0,20.2,396.9,9.8,336,19.5
0.09378,12.5,7.87,0.0,0.524,5.889,39.0,5.4509,5.0,311.0,15.2,390.5,15.71,12,21.7
0.66351,20.0,3.97,0.0,0.647,7.333,100.0,1.8946,5.0,264.0,13.0,383.29,7.79,258,36.0
0.63796,0.0,8.14,0.0,0.538,6.096,84.5,4.4619,4.0,307.0,21.0,380.02,10.26,14,18.2
3.32105,0.0,19.58,1.0,0.871,5.403,100.0,1.3216,5.0,403.0,14.7,396.9,26.82,142,13.4
0.34109,0.0,7.38,0.0,0.493,6.415,40.1,4.7211,5.0,287.0,19.6,396.9,6.12,324,25.0
0.43571,0.0,10.59,1.0,0.489,5.344,100.0,3.875,4.0,277.0,18.6,396.9,23.09,209,20.0
0.08387,0.0,12.83,0.0,0.437,5.874,36.6,4.5026,5.0,398.0,18.7,396.06,9.1,79,20.3
0.13262,0.0,8.56,0.0,0.52,5.851,96.7,2.1069,5.0,384.0,20.9,394.05,16.47,105,19.5
4.89822,0.0,18.1,0.0,0.631,4.97,100.0,1.3325,24.0,666.0,20.2,375.52,3.26,368,50.0
0.51183,0.0,6.2,0.0,0.507,7.358,71.6,4.148,8.0,307.0,17.4,390.07,4.73,237,31.5
0.07013,0.0,13.89,0.0,0.55,6.642,85.1,3.4211,5.0,276.0,16.4,392.78,9.69,217,28.7
8.24809,0.0,18.1,0.0,0.713,7.393,99.3,2.4527,24.0,666.0,20.2,375.87,16.74,453,17.8
41.5292,0.0,18.1,0.0,0.693,5.531,85.4,1.6074,24.0,666.0,20.2,329.46,27.38,404,8.5
0.06151,0.0,5.19,0.0,0.515,5.968,58.5,4.8122,5.0,224.0,20.2,396.9,9.29,340,18.7
24.3938,0.0,18.1,0.0,0.7,4.652,100.0,1.4672,24.0,666.0,20.2,396.9,28.28,386,10.5
0.38214,0.0,6.2,0.0,0.504,8.04,86.5,3.2157,8.0,307.0,17.4,387.38,3.13,226,37.6
4.75237,0.0,18.1,0.0,0.713,6.525,86.5,2.4358,24.0,666.0,20.2,50.92,18.13,455,14.1
2.44668,0.0,19.58,0.0,0.871,5.272,94.0,1.7364,5.0,403.0,14.7,88.63,16.14,156,13.1
0.04294,28.0,15.04,0.0,0.464,6.249,77.3,3.615,4.0,270.0,18.2,396.9,10.59,94,20.6
2.15505,0.0,19.58,0.0,0.871,5.628,100.0,1.5166,5.0,403.0,14.7,169.27,16.65,146,15.6
4.26131,0.0,18.1,0.0,0.77,6.112,81.3,2.5091,24.0,666.0,20.2,390.74,12.67,359,22.6
1.51902,0.0,19.58,1.0,0.605,8.375,93.9,2.162,5.0,403.0,14.7,388.45,3.32,163,50.0
4.81213,0.0,18.1,0.0,0.713,6.701,90.0,2.5975,24.0,666.0,20.2,255.23,16.42,460,16.4
0.40771,0.0,6.2,1.0,0.507,6.164,91.3,3.048,8.0,307.0,17.4,395.24,21.46,221,21.7
11.0874,0.0,18.1,0.0,0.718,6.411,100.0,1.8589,24.0,666.0,20.2,318.75,15.02,420,16.7
0.47547,0.0,9.9,0.0,0.544,6.113,58.8,4.0019,4.0,304.0,18.4,396.23,12.73,319,21.0
0.00906,90.0,2.97,0.0,0.4,7.088,20.8,7.3073,1.0,285.0,15.3,394.72,7.85,284,32.2
0.34006,0.0,21.89,0.0,0.624,6.458,98.9,2.1185,4.0,437.0,21.2,395.04,12.6,130,19.2
0.33147,0.0,6.2,0.0,0.507,8.247,70.4,3.6519,8.0,307.0,17.4,378.95,3.95,233,48.3
0.0837,45.0,3.44,0.0,0.437,7.185,38.9,4.5667,5.0,398.0,15.2,396.9,5.39,189,34.9
0.10469,40.0,6.41,1.0,0.447,7.267,49.0,4.7872,4.0,254.0,17.6,389.25,6.05,276,33.2
0.0795,60.0,1.69,0.0,0.411,6.579,35.9,10.7103,4.0,411.0,18.3,370.78,5.49,351,24.1
0.2498,0.0,21.89,0.0,0.624,5.857,98.2,1.6686,4.0,437.0,21.2,392.04,21.32,138,13.3
0.02899,40.0,1.25,0.0,0.429,6.939,34.5,8.7921,1.0,335.0,19.7,389.85,5.89,349,26.6
0.03615,80.0,4.95,0.0,0.411,6.63,23.4,5.1167,4.0,245.0,19.2,396.9,4.7,292,27.9
5.82401,0.0,18.1,0.0,0.532,6.242,64.7,3.4242,24.0,666.0,20.2,396.9,10.74,480,23.0
0.06899,0.0,25.65,0.0,0.581,5.87,69.7,2.2577,2.0,188.0,19.1,389.15,14.37,120,22.0
0.22212,0.0,10.01,0.0,0.547,6.092,95.4,2.548,6.0,432.0,17.8,396.9,17.09,113,18.7
0.31533,0.0,6.2,0.0,0.504,8.266,78.3,2.8944,8.0,307.0,17.4,385.05,4.14,224,44.8
0.3692,0.0,9.9,0.0,0.544,6.567,87.3,3.6023,4.0,304.0,18.4,395.69,9.28,314,23.8
0.02875,28.0,15.04,0.0,0.464,6.211,28.9,3.6659,4.0,270.0,18.2,396.33,6.21,93,25.0
0.29916,20.0,6.96,0.0,0.464,5.856,42.1,4.429,3.0,223.0,18.6,388.65,13.0,270,21.1
6.53876,0.0,18.1,1.0,0.631,7.016,97.5,1.2024,24.0,666.0,20.2,392.05,2.96,370,50.0
0.0566,0.0,3.41,0.0,0.489,7.007,86.3,3.4217,2.0,270.0,17.8,396.9,5.5,88,23.6
0.12757,30.0,4.93,0.0,0.428,6.393,7.8,7.0355,6.0,300.0,16.6,374.71,5.19,243,23.7
0.22489,12.5,7.87,0.0,0.524,6.377,94.3,6.3467,5.0,311.0,15.2,392.52,20.45,10,15.0
0.09604,40.0,6.41,0.0,0.447,6.854,42.8,4.2673,4.0,254.0,17.6,396.9,2.98,275,32.0
0.04203,28.0,15.04,0.0,0.464,6.442,53.6,3.6659,4.0,270.0,18.2,395.01,8.16,92,22.9
0.0351,95.0,2.68,0.0,0.4161,7.853,33.2,5.118,4.0,224.0,14.7,392.78,3.81,203,48.5
0.10612,30.0,4.93,0.0,0.428,6.095,65.1,6.3361,6.0,300.0,16.6,394.62,12.4,241,20.1
0.02498,0.0,1.89,0.0,0.518,6.54,59.7,6.2669,1.0,422.0,15.9,389.96,8.65,342,16.5
0.29819,0.0,6.2,0.0,0.504,7.686,17.0,3.3751,8.0,307.0,17.4,377.51,3.92,228,46.7
0.55778,0.0,21.89,0.0,0.624,6.335,98.2,2.1107,4.0,437.0,21.2,394.67,16.96,135,18.1
0.0686,0.0,2.89,0.0,0.445,7.416,62.5,3.4952,2.0,276.0,18.0,396.9,6.19,99,33.2
0.00632,18.0,2.31,0.0,0.538,6.575,65.2,4.09,1.0,296.0,15.3,396.9,4.98,0,24.0
8.20058,0.0,18.1,0.0,0.713,5.936,80.3,2.7792,24.0,666.0,20.2,3.5,16.94,457,13.5
0.06076,0.0,11.93,0.0,0.573,6.976,91.0,2.1675,1.0,273.0,21.0,396.9,5.64,503,23.9
0.3494,0.0,9.9,0.0,0.544,5.972,76.7,3.1025,4.0,304.0,18.4,396.24,9.97,309,20.3
7.75223,0.0,18.1,0.0,0.713,6.301,83.7,2.7831,24.0,666.0,20.2,272.21,16.23,458,14.9
0.59005,0.0,21.89,0.0,0.624,6.372,97.9,2.3274,4.0,437.0,21.2,385.76,11.12,132,23.0
0.30347,0.0,7.38,0.0,0.493,6.312,28.9,5.4159,5.0,287.0,19.6,396.9,6.15,326,23.0
8.15174,0.0,18.1,0.0,0.7,5.39,98.9,1.7281,24.0,666.0,20.2,396.9,20.85,389,11.5
28.6558,0.0,18.1,0.0,0.597,5.155,100.0,1.5894,24.0,666.0,20.2,210.97,20.08,413,16.3
0.537,0.0,6.2,0.0,0.504,5.981,68.1,3.6715,8.0,307.0,17.4,378.35,11.65,230,24.3
0.54011,20.0,3.97,0.0,0.647,7.203,81.8,2.1121,5.0,264.0,13.0,392.8,9.59,260,33.8
2.44953,0.0,19.58,0.0,0.605,6.402,95.2,2.2625,5.0,403.0,14.7,330.04,11.32,169,22.3
0.21124,12.5,7.87,0.0,0.524,5.631,100.0,6.0821,5.0,311.0,15.2,386.63,29.93,8,16.5
2.81838,0.0,18.1,0.0,0.532,5.762,40.3,4.0983,24.0,666.0,20.2,392.92,10.42,483,21.8
0.52058,0.0,6.2,1.0,0.507,6.631,76.5,4.148,8.0,307.0,17.4,388.45,9.54,236,25.1
0.01951,17.5,1.38,0.0,0.4161,7.104,59.5,9.2229,3.0,216.0,18.6,393.24,8.05,64,33.0
0.05561,70.0,2.24,0.0,0.4,7.041,10.0,7.8278,5.0,358.0,14.8,371.58,4.74,299,29.0
0.52014,20.0,3.97,0.0,0.647,8.398,91.5,2.2885,5.0,264.0,13.0,386.86,5.91,262,48.8
0.17004,12.5,7.87,0.0,0.524,6.004,85.9,6.5921,5.0,311.0,15.2,386.71,17.1,9,18.9
1.12658,0.0,19.58,1.0,0.871,5.012,88.0,1.6102,5.0,403.0,14.7,343.28,12.12,152,15.3
4.55587,0.0,18.1,0.0,0.718,3.561,87.9,1.6132,24.0,666.0,20.2,354.7,7.12,365,27.5
0.25199,0.0,10.59,0.0,0.489,5.783,72.7,4.3549,4.0,277.0,18.6,389.43,18.06,207,22.5
0.19073,22.0,5.86,0.0,0.431,6.718,17.5,7.8265,7.0,330.0,19.1,393.74,6.56,249,26.2
0.21409,22.0,5.86,0.0,0.431,6.438,8.9,7.3967,7.0,330.0,19.1,377.07,3.59,251,24.8
0.1415,0.0,6.91,0.0,0.448,6.169,6.6,5.7209,3.0,233.0,17.9,383.37,5.81,42,25.3
0.05425,0.0,4.05,0.0,0.51,6.315,73.4,3.3175,5.0,296.0,16.6,395.6,6.29,177,24.6
0.2896,0.0,9.69,0.0,0.585,5.39,72.9,2.7986,6.0,391.0,19.2,396.9,21.14,496,19.7
0.05083,0.0,5.19,0.0,0.515,6.316,38.1,6.4584,5.0,224.0,20.2,389.71,5.68,333,22.2
2.33099,0.0,19.58,0.0,0.871,5.186,93.8,1.5296,5.0,403.0,14.7,356.99,28.32,148,17.8
0.14231,0.0,10.01,0.0,0.547,6.254,84.2,2.2565,6.0,432.0,17.8,388.74,10.45,114,18.5
1.61282,0.0,8.14,0.0,0.538,6.096,96.9,3.7598,4.0,307.0,21.0,248.31,20.34,34,13.5
0.35233,0.0,21.89,0.0,0.624,6.454,98.4,1.8498,4.0,437.0,21.2,394.08,14.59,137,17.1
0.52693,0.0,6.2,0.0,0.504,8.725,83.0,2.8944,8.0,307.0,17.4,382.0,4.63,225,50.0
0.12816,12.5,6.07,0.0,0.409,5.885,33.0,6.498,4.0,345.0,18.9,396.9,8.79,69,20.9
0.04544,0.0,3.24,0.0,0.46,6.144,32.2,5.8736,4.0,430.0,16.9,368.57,9.09,330,19.8
0.09744,0.0,5.96,0.0,0.499,5.841,61.4,3.3779,5.0,279.0,19.2,377.56,11.41,36,20.0
4.54192,0.0,18.1,0.0,0.77,6.398,88.0,2.5182,24.0,666.0,20.2,374.56,7.79,360,25.0
0.33045,0.0,6.2,0.0,0.507,6.086,61.5,3.6519,8.0,307.0,17.4,376.75,10.88,235,24.0
0.85204,0.0,8.14,0.0,0.538,5.965,89.2,4.0123,4.0,307.0,21.0,392.53,13.83,21,19.6
8.71675,0.0,18.1,0.0,0.693,6.471,98.8,1.7257,24.0,666.0,20.2,391.98,17.12,395,13.1
0.04297,52.5,5.32,0.0,0.405,6.565,22.9,7.3172,6.0,293.0,16.6,371.72,9.51,289,24.8
0.02763,75.0,2.95,0.0,0.428,6.595,21.8,5.4011,3.0,252.0,18.3,395.63,4.32,39,30.8
0.07886,80.0,4.95,0.0,0.411,7.148,27.7,5.1167,4.0,245.0,19.2,396.9,3.56,291,37.3
7.99248,0.0,18.1,0.0,0.7,5.52,100.0,1.5331,24.0,666.0,20.2,396.9,24.56,383,12.3
6.28807,0.0,18.1,0.0,0.74,6.341,96.4,2.072,24.0,666.0,20.2,318.01,17.79,446,14.9
0.22438,0.0,9.69,0.0,0.585,6.027,79.7,2.4982,6.0,391.0,19.2,396.9,14.33,500,16.8
0.06642,0.0,4.05,0.0,0.51,6.86,74.4,2.9153,5.0,296.0,16.6,391.27,6.92,178,29.9
9.32909,0.0,18.1,0.0,0.713,6.185,98.7,2.2616,24.0,666.0,20.2,396.9,18.13,448,14.1
0.04113,25.0,4.86,0.0,0.426,6.727,33.5,5.4007,4.0,281.0,19.0,396.9,5.29,80,28.0
0.06127,40.0,6.41,1.0,0.447,6.826,27.6,4.8628,4.0,254.0,17.6,393.45,4.16,277,33.1
0.17171,25.0,5.13,0.0,0.453,5.966,93.4,6.8185,8.0,284.0,19.7,378.08,14.44,61,16.0
0.05188,0.0,4.49,0.0,0.449,6.015,45.1,4.4272,3.0,247.0,18.5,395.99,12.86,86,22.5
0.06162,0.0,4.39,0.0,0.442,5.898,52.3,8.0136,3.0,352.0,18.8,364.61,12.67,346,17.2
9.51363,0.0,18.1,0.0,0.713,6.728,94.1,2.4961,24.0,666.0,20.2,6.68,18.71,454,14.9
7.67202,0.0,18.1,0.0,0.693,5.747,98.9,1.6334,24.0,666.0,20.2,393.1,19.92,397,8.5
9.2323,0.0,18.1,0.0,0.631,6.216,100.0,1.1691,24.0,666.0,20.2,366.15,9.53,371,50.0
0.03961,0.0,5.19,0.0,0.515,6.037,34.5,5.9853,5.0,224.0,20.2,396.9,8.01,335,21.1
0.07503,33.0,2.18,0.0,0.472,7.42,71.9,3.0992,7.0,222.0,18.4,396.9,6.47,306,33.4
0.04666,80.0,1.52,0.0,0.404,7.107,36.6,7.309,2.0,329.0,12.6,354.31,8.61,197,30.3
0.02731,0.0,7.07,0.0,0.469,6.421,78.9,4.9671,2.0,242.0,17.8,396.9,9.14,1,21.6
0.13117,0.0,8.56,0.0,0.52,6.127,85.2,2.1224,5.0,384.0,20.9,387.69,14.09,107,20.4
0.08187,0.0,2.89,0.0,0.445,7.82,36.9,3.4952,2.0,276.0,18.0,393.53,3.57,98,43.8
14.4208,0.0,18.1,0.0,0.74,6.461,93.3,2.0026,24.0,666.0,20.2,27.49,18.05,436,9.6
0.05023,35.0,6.06,0.0,0.4379,5.706,28.4,6.6407,1.0,304.0,16.9,394.02,12.43,331,17.1
0.17446,0.0,10.59,1.0,0.489,5.96,92.1,3.8771,4.0,277.0,18.6,393.25,17.27,210,21.7
1.6566,0.0,19.58,0.0,0.871,6.122,97.3,1.618,5.0,403.0,14.7,372.8,14.1,150,21.5
2.36862,0.0,19.58,0.0,0.871,4.926,95.7,1.4608,5.0,403.0,14.7,391.71,29.53,147,14.6
6.65492,0.0,18.1,0.0,0.713,6.317,83.0,2.7344,24.0,666.0,20.2,396.9,13.99,462,19.5
6.44405,0.0,18.1,0.0,0.584,6.425,74.8,2.2004,24.0,666.0,20.2,97.95,12.03,432,16.1
0.35809,0.0,6.2,1.0,0.507,6.951,88.5,2.8617,8.0,307.0,17.4,391.7,9.71,220,26.7
7.05042,0.0,18.1,0.0,0.614,6.103,85.1,2.0218,24.0,666.0,20.2,2.52,23.29,423,13.4
0.09252,30.0,4.93,0.0,0.428,6.606,42.2,6.1899,6.0,300.0,16.6,383.78,7.37,239,23.3
0.98843,0.0,8.14,0.0,0.538,5.813,100.0,4.0952,4.0,307.0,21.0,394.54,19.88,23,14.5
1.62864,0.0,21.89,0.0,0.624,5.019,100.0,1.4394,4.0,437.0,21.2,396.9,34.41,141,14.4
0.08829,12.5,7.87,0.0,0.524,6.012,66.6,5.5605,5.0,311.0,15.2,395.6,12.43,6,22.9
0.09103,0.0,2.46,0.0,0.488,7.155,92.2,2.7006,3.0,193.0,17.8,394.12,4.82,182,37.9
0.08014,0.0,5.96,0.0,0.499,5.85,41.5,3.9342,5.0,279.0,19.2,396.9,8.77,37,21.0
0.24103,0.0,7.38,0.0,0.493,6.083,43.7,5.4159,5.0,287.0,19.6,396.9,12.79,327,22.2
0.05735,0.0,4.49,0.0,0.449,6.63,56.1,4.4377,3.0,247.0,18.5,392.3,6.53,85,26.6
0.12083,0.0,2.89,0.0,0.445,8.069,76.0,3.4952,2.0,276.0,18.0,396.9,4.21,97,38.7
9.59571,0.0,18.1,0.0,0.693,6.404,100.0,1.639,24.0,666.0,20.2,376.11,20.31,402,12.1
0.88125,0.0,21.89,0.0,0.624,5.637,94.7,1.9799,4.0,437.0,21.2,396.9,18.34,129,14.3
0.01965,80.0,1.76,0.0,0.385,6.23,31.5,9.0892,1.0,241.0,18.2,341.6,12.93,286,20.1
0.6718,0.0,18.1,0.0,0.74,6.459,94.8,1.9879,24.0,666.0,20.2,43.06,23.98,445,11.8
0.07165,0.0,25.65,0.0,0.581,6.004,84.1,2.1974,2.0,188.0,19.1,377.67,14.27,121,20.3
0.01432,100.0,1.32,0.0,0.411,6.816,40.5,8.3248,5.0,256.0,15.1,392.9,3.95,57,31.6
0.02009,95.0,2.68,0.0,0.4161,8.034,31.9,5.118,4.0,224.0,14.7,390.55,2.88,204,50.0
0.06911,45.0,3.44,0.0,0.437,6.739,30.8,6.4798,5.0,398.0,15.2,389.71,4.69,191,30.5
0.11747,12.5,7.87,0.0,0.524,6.009,82.9,6.2267,5.0,311.0,15.2,396.9,13.27,11,18.9
0.03871,52.5,5.32,0.0,0.405,6.209,31.3,7.3172,6.0,293.0,16.6,396.9,7.14,287,23.2
0.05372,0.0,13.92,0.0,0.437,6.549,51.0,5.9604,4.0,289.0,16.0,392.85,7.39,296,27.1
0.17142,0.0,6.91,0.0,0.448,5.682,33.8,5.1004,3.0,233.0,17.9,396.9,10.21,45,19.3
4.64689,0.0,18.1,0.0,0.614,6.98,67.6,2.5329,24.0,666.0,20.2,374.68,11.66,473,29.8
0.05644,40.0,6.41,1.0,0.447,6.758,32.9,4.0776,4.0,254.0,17.6,396.9,3.53,274,32.4
0.15098,0.0,10.01,0.0,0.547,6.021,82.6,2.7474,6.0,432.0,17.8,394.51,10.3,117,19.2
0.08221,22.0,5.86,0.0,0.431,6.957,6.8,8.9067,7.0,330.0,19.1,386.09,3.53,252,29.6
0.10793,0.0,8.56,0.0,0.52,6.195,54.4,2.7778,5.0,384.0,20.9,393.49,13.0,110,21.7
7.02259,0.0,18.1,0.0,0.718,6.006,95.3,1.8746,24.0,666.0,20.2,319.98,15.7,421,14.2
0.06211,40.0,1.25,0.0,0.429,6.49,44.4,8.7921,1.0,335.0,19.7,396.9,5.98,350,22.9
37.6619,0.0,18.1,0.0,0.679,6.202,78.7,1.8629,24.0,666.0,20.2,18.82,14.52,427,10.9
0.20608,22.0,5.86,0.0,0.431,5.593,76.5,7.9549,7.0,330.0,19.1,372.49,12.5,244,17.6
0.44178,0.0,6.2,0.0,0.504,6.552,21.4,3.3751,8.0,307.0,17.4,380.34,3.76,229,31.5
5.69175,0.0,18.1,0.0,0.583,6.114,79.8,3.5459,24.0,666.0,20.2,392.68,14.98,486,19.1
0.07875,45.0,3.44,0.0,0.437,6.782,41.1,3.7886,5.0,398.0,15.2,393.87,6.68,187,32.0
15.1772,0.0,18.1,0.0,0.74,6.152,100.0,1.9142,24.0,666.0,20.2,9.32,26.45,437,8.7
9.82349,0.0,18.1,0.0,0.671,6.794,98.8,1.358,24.0,666.0,20.2,396.9,21.24,377,13.3
0.28392,0.0,7.38,0.0,0.493,5.708,74.3,4.7211,5.0,287.0,19.6,391.13,11.74,323,18.5
0.15038,0.0,25.65,0.0,0.581,5.856,97.0,1.9444,2.0,188.0,19.1,370.31,25.41,123,17.3
5.66998,0.0,18.1,1.0,0.631,6.683,96.8,1.3567,24.0,666.0,20.2,375.33,3.73,369,50.0
0.80271,0.0,8.14,0.0,0.538,5.456,36.6,3.7965,4.0,307.0,21.0,288.99,11.69,18,20.2
0.08873,21.0,5.64,0.0,0.439,5.963,45.7,6.8147,4.0,243.0,16.8,395.56,13.45,50,19.7
0.07896,0.0,12.83,0.0,0.437,6.273,6.0,4.2515,5.0,398.0,18.7,394.92,6.78,74,24.1
0.21977,0.0,6.91,0.0,0.448,5.602,62.0,6.0877,3.0,233.0,17.9,396.9,16.2,49,19.4
0.22927,0.0,6.91,0.0,0.448,6.03,85.5,5.6894,3.0,233.0,17.9,392.74,18.8,47,16.6
0.14866,0.0,8.56,0.0,0.52,6.727,79.9,2.7778,5.0,384.0,20.9,394.76,9.42,100,27.5
15.8744,0.0,18.1,0.0,0.671,6.545,99.1,1.5192,24.0,666.0,20.2,396.9,21.08,381,10.9
6.96215,0.0,18.1,0.0,0.7,5.713,97.0,1.9265,24.0,666.0,20.2,394.43,17.11,390,15.1
0.06888,0.0,2.46,0.0,0.488,6.144,62.2,2.5979,3.0,193.0,17.8,396.9,9.45,181,36.2
0.55007,20.0,3.97,0.0,0.647,7.206,91.6,1.9301,5.0,264.0,13.0,387.89,8.1,264,36.5
14.0507,0.0,18.1,0.0,0.597,6.657,100.0,1.5275,24.0,666.0,20.2,35.05,21.22,411,17.2
1.19294,0.0,21.89,0.0,0.624,6.326,97.7,2.271,4.0,437.0,21.2,396.9,12.26,131,19.6
0.67191,0.0,8.14,0.0,0.538,5.813,90.3,4.682,4.0,307.0,21.0,376.88,14.81,26,16.6
0.04527,0.0,11.93,0.0,0.573,6.12,76.7,2.2875,1.0,273.0,21.0,396.9,9.08,502,20.6
73.5341,0.0,18.1,0.0,0.679,5.957,100.0,1.8026,24.0,666.0,20.2,16.45,20.62,418,8.8
0.75026,0.0,8.14,0.0,0.538,5.924,94.1,4.3996,4.0,307.0,21.0,394.33,16.3,24,15.6
0.2909,0.0,21.89,0.0,0.624,6.174,93.6,1.6119,4.0,437.0,21.2,388.08,24.16,140,14.0
0.09068,45.0,3.44,0.0,0.437,6.951,21.5,6.4798,5.0,398.0,15.2,377.68,5.1,190,37.0
0.49298,0.0,9.9,0.0,0.544,6.635,82.5,3.3175,4.0,304.0,18.4,396.9,4.54,308,22.8
3.83684,0.0,18.1,0.0,0.77,6.251,91.1,2.2955,24.0,666.0,20.2,350.65,14.19,361,19.9
0.04301,80.0,1.91,0.0,0.413,5.663,21.9,10.5857,4.0,334.0,22.0,382.8,8.05,354,18.2
6.80117,0.0,18.1,0.0,0.713,6.081,84.4,2.7175,24.0,666.0,20.2,396.9,14.7,459,20.0
0.09299,0.0,25.65,0.0,0.581,5.961,92.9,2.0869,2.0,188.0,19.1,378.09,17.93,122,20.5
0.1712,0.0,8.56,0.0,0.52,5.836,91.9,2.211,5.0,384.0,20.9,395.67,18.66,106,19.5
0.12932,0.0,13.92,0.0,0.437,6.678,31.1,5.9604,4.0,289.0,16.0,396.9,6.27,295,28.6
0.01311,90.0,1.22,0.0,0.403,7.249,21.9,8.6966,5.0,226.0,17.9,395.93,4.81,55,35.4
8.26725,0.0,18.1,1.0,0.668,5.875,89.6,1.1296,24.0,666.0,20.2,347.88,8.88,372,50.0
0.12204,0.0,2.89,0.0,0.445,6.625,57.8,3.4952,2.0,276.0,18.0,357.98,6.65,95,28.4
0.41238,0.0,6.2,0.0,0.504,7.163,79.9,3.2157,8.0,307.0,17.4,372.08,6.36,227,31.6
0.17134,0.0,10.01,0.0,0.547,5.928,88.2,2.4631,6.0,432.0,17.8,344.91,15.76,115,18.3
0.19186,0.0,7.38,0.0,0.493,6.431,14.7,5.4159,5.0,287.0,19.6,393.68,5.08,325,24.6
0.7842,0.0,8.14,0.0,0.538,5.99,81.7,4.2579,4.0,307.0,21.0,386.75,14.67,17,17.5
0.02543,55.0,3.78,0.0,0.484,6.696,56.4,5.7321,5.0,370.0,17.6,396.9,7.18,343,23.9
0.14476,0.0,10.01,0.0,0.547,5.731,65.2,2.7592,6.0,432.0,17.8,391.5,13.61,119,19.3
0.26838,0.0,9.69,0.0,0.585,5.794,70.6,2.8927,6.0,391.0,19.2,396.9,14.1,497,18.3
2.3004,0.0,19.58,0.0,0.605,6.319,96.1,2.1,5.0,403.0,14.7,297.09,11.1,168,23.8
0.28955,0.0,10.59,0.0,0.489,5.412,9.8,3.5875,4.0,277.0,18.6,348.93,29.55,214,23.7
0.6147,0.0,6.2,0.0,0.507,6.618,80.8,3.2721,8.0,307.0,17.4,396.9,7.6,223,30.1
0.13554,12.5,6.07,0.0,0.409,5.594,36.8,6.498,4.0,345.0,18.9,396.9,13.09,68,17.4
9.92485,0.0,18.1,0.0,0.74,6.251,96.6,2.198,24.0,666.0,20.2,388.52,16.44,447,12.6
0.62356,0.0,6.2,1.0,0.507,6.879,77.7,3.2721,8.0,307.0,17.4,390.39,9.93,222,27.5
0.18159,0.0,7.38,0.0,0.493,6.376,54.3,4.5404,5.0,287.0,19.6,396.9,6.87,321,23.1
15.5757,0.0,18.1,0.0,0.58,5.926,71.0,2.9084,24.0,666.0,20.2,368.74,18.13,468,19.1
11.5779,0.0,18.1,0.0,0.7,5.036,97.0,1.77,24.0,666.0,20.2,396.9,25.68,392,9.7
0.05646,0.0,12.83,0.0,0.437,6.232,53.7,5.0141,5.0,398.0,18.7,386.4,12.34,78,21.2
16.8118,0.0,18.1,0.0,0.7,5.277,98.1,1.4261,24.0,666.0,20.2,396.9,30.81,385,7.2
0.1403,22.0,5.86,0.0,0.431,6.487,13.0,7.3967,7.0,330.0,19.1,396.28,5.9,250,24.4
8.79212,0.0,18.1,0.0,0.584,5.565,70.6,2.0635,24.0,666.0,20.2,3.65,17.16,424,11.7
13.5222,0.0,18.1,0.0,0.631,3.863,100.0,1.5106,24.0,666.0,20.2,131.42,13.33,367,23.1
0.04741,0.0,11.93,0.0,0.573,6.03,80.8,2.505,1.0,273.0,21.0,396.9,7.88,505,11.9
0.01381,80.0,0.46,0.0,0.422,7.875,32.0,5.6484,4.0,255.0,14.4,394.23,2.97,195,50.0
14.3337,0.0,18.1,0.0,0.614,6.229,88.0,1.9512,24.0,666.0,20.2,383.32,13.11,479,21.4
0.16902,0.0,25.65,0.0,0.581,5.986,88.4,1.9929,2.0,188.0,19.1,385.02,14.81,125,21.4
0.22876,0.0,8.56,0.0,0.52,6.405,85.4,2.7147,5.0,384.0,20.9,70.8,10.63,102,18.6
0.1146,20.0,6.96,0.0,0.464,6.538,58.7,3.9175,3.0,223.0,18.6,394.96,7.73,272,24.4
18.0846,0.0,18.1,0.0,0.679,6.434,100.0,1.8347,24.0,666.0,20.2,27.25,29.05,415,7.2
0.1,34.0,6.09,0.0,0.433,6.982,17.7,5.4917,7.0,329.0,16.1,390.43,4.86,303,33.1
0.12269,0.0,6.91,0.0,0.448,6.069,40.0,5.7209,3.0,233.0,17.9,389.39,9.55,44,21.2
0.04417,70.0,2.24,0.0,0.4,6.871,47.4,7.8278,5.0,358.0,14.8,390.86,6.07,300,24.8
15.0234,0.0,18.1,0.0,0.614,5.304,97.3,2.1007,24.0,666.0,20.2,349.48,24.91,477,12.0
14.3337,0.0,18.1,0.0,0.7,4.88,100.0,1.5895,24.0,666.0,20.2,372.92,30.62,388,10.2
1.83377,0.0,19.58,1.0,0.605,7.802,98.2,2.0407,5.0,403.0,14.7,389.61,1.92,162,50.0
13.6781,0.0,18.1,0.0,0.74,5.935,87.9,1.8206,24.0,666.0,20.2,68.95,34.02,438,8.4
0.31827,0.0,9.9,0.0,0.544,5.914,83.2,3.9986,4.0,304.0,18.4,390.7,18.33,316,17.8
0.0578,0.0,2.46,0.0,0.488,6.98,58.4,2.829,3.0,193.0,17.8,396.9,5.04,179,37.2
0.14455,12.5,7.87,0.0,0.524,6.172,96.1,5.9505,5.0,311.0,15.2,396.9,19.15,7,27.1
4.22239,0.0,18.1,1.0,0.77,5.803,89.0,1.9047,24.0,666.0,20.2,353.04,14.64,363,16.8
0.54452,0.0,21.89,0.0,0.624,6.151,97.9,1.6687,4.0,437.0,21.2,396.9,18.46,139,17.8
3.67367,0.0,18.1,0.0,0.583,6.312,51.9,3.9917,24.0,666.0,20.2,388.62,10.58,485,21.2
5.73116,0.0,18.1,0.0,0.532,7.061,77.0,3.4106,24.0,666.0,20.2,395.28,7.01,482,25.0
0.13587,0.0,10.59,1.0,0.489,6.064,59.1,4.2392,4.0,277.0,18.6,381.32,14.66,208,24.4
0.61154,20.0,3.97,0.0,0.647,8.704,86.9,1.801,5.0,264.0,13.0,389.7,5.12,257,50.0
0.09178,0.0,4.05,0.0,0.51,6.416,84.1,2.6463,5.0,296.0,16.6,395.5,9.04,173,23.6
0.05479,33.0,2.18,0.0,0.472,6.616,58.1,3.37,7.0,222.0,18.4,393.36,8.93,305,28.4
0.08244,30.0,4.93,0.0,0.428,6.481,18.5,6.1899,6.0,300.0,16.6,379.41,6.36,238,23.7
0.0536,21.0,5.64,0.0,0.439,6.511,21.1,6.8147,4.0,243.0,16.8,396.9,5.28,52,25.0
0.10574,0.0,27.74,0.0,0.609,5.983,98.8,1.8681,4.0,711.0,20.1,390.11,18.07,491,13.6
0.14932,25.0,5.13,0.0,0.453,5.741,66.2,7.2254,8.0,284.0,19.7,395.11,13.15,60,18.7
88.9762,0.0,18.1,0.0,0.671,6.968,91.9,1.4165,24.0,666.0,20.2,396.9,17.21,380,10.4
0.03548,80.0,3.64,0.0,0.392,5.876,19.1,9.2203,1.0,315.0,16.4,395.18,9.25,255,20.9
0.0187,85.0,4.15,0.0,0.429,6.516,27.7,8.5353,4.0,351.0,17.9,392.43,6.36,347,23.1
14.4383,0.0,18.1,0.0,0.597,6.852,100.0,1.4655,24.0,666.0,20.2,179.36,19.78,409,27.5
0.05059,0.0,4.49,0.0,0.449,6.389,48.0,4.7794,3.0,247.0,18.5,396.9,9.62,84,23.9
15.288,0.0,18.1,0.0,0.671,6.649,93.3,1.3449,24.0,666.0,20.2,363.02,23.24,376,13.9
0.7857,20.0,3.97,0.0,0.647,7.014,84.6,2.1329,5.0,264.0,13.0,384.07,14.79,266,30.7
5.70818,0.0,18.1,0.0,0.532,6.75,74.9,3.3317,24.0,666.0,20.2,393.07,7.74,481,23.7
0.04379,80.0,3.37,0.0,0.398,5.787,31.1,6.6115,4.0,337.0,16.1,396.9,10.24,66,19.4
2.924,0.0,19.58,0.0,0.605,6.101,93.0,2.2834,5.0,403.0,14.7,240.16,9.81,165,25.0
20.0849,0.0,18.1,0.0,0.7,4.368,91.2,1.4395,24.0,666.0,20.2,285.83,30.63,384,8.8
0.10328,25.0,5.13,0.0,0.453,5.927,47.2,6.932,8.0,284.0,19.7,396.9,9.22,59,19.6
0.04981,21.0,5.64,0.0,0.439,5.998,21.4,6.8147,4.0,243.0,16.8,396.9,8.43,53,23.4
0.21161,0.0,8.56,0.0,0.52,6.137,87.4,2.7147,5.0,384.0,20.9,394.47,13.44,103,19.3
0.17899,0.0,9.69,0.0,0.585,5.67,28.8,2.7986,6.0,391.0,19.2,393.29,17.6,495,23.1
0.65665,20.0,3.97,0.0,0.647,6.842,100.0,2.0107,5.0,264.0,13.0,391.93,6.9,259,30.1
13.0751,0.0,18.1,0.0,0.58,5.713,56.7,2.8237,24.0,666.0,20.2,396.9,14.76,469,20.1
0.32982,0.0,21.89,0.0,0.624,5.822,95.4,2.4699,4.0,437.0,21.2,388.69,15.03,133,18.4
0.11504,0.0,2.89,0.0,0.445,6.163,69.6,3.4952,2.0,276.0,18.0,391.83,11.34,96,21.4
0.1265,25.0,5.13,0.0,0.453,6.762,43.4,7.9809,8.0,284.0,19.7,395.58,9.5,63,25.0
0.44791,0.0,6.2,1.0,0.507,6.726,66.5,3.6519,8.0,307.0,17.4,360.2,8.05,234,29.0
1.42502,0.0,19.58,0.0,0.871,6.51,100.0,1.7659,5.0,403.0,14.7,364.31,7.39,159,23.3
0.09065,20.0,6.96,1.0,0.464,5.92,61.5,3.9175,3.0,223.0,18.6,391.34,13.65,269,20.7
0.02187,60.0,2.93,0.0,0.401,6.8,9.9,6.2196,1.0,265.0,15.6,393.37,5.03,193,31.1
0.12329,0.0,10.01,0.0,0.547,5.913,92.9,2.3534,6.0,432.0,17.8,394.95,16.21,112,18.8
1.35472,0.0,8.14,0.0,0.538,6.072,100.0,4.175,4.0,307.0,21.0,376.73,13.04,31,14.5
0.82526,20.0,3.97,0.0,0.647,7.327,94.5,2.0788,5.0,264.0,13.0,393.42,11.25,263,31.0
0.35114,0.0,7.38,0.0,0.493,6.041,49.9,4.7211,5.0,287.0,19.6,396.9,7.7,322,20.4
0.03359,75.0,2.95,0.0,0.428,7.024,15.8,5.4011,3.0,252.0,18.3,395.62,1.98,40,34.9
0.06664,0.0,4.05,0.0,0.51,6.546,33.1,3.1323,5.0,296.0,16.6,390.96,5.33,175,29.4
0.11329,30.0,4.93,0.0,0.428,6.897,54.3,6.3361,6.0,300.0,16.6,391.25,11.38,240,22.0
0.03041,0.0,5.19,0.0,0.515,5.895,59.6,5.615,5.0,224.0,20.2,394.81,10.56,337,18.5
0.21038,20.0,3.33,0.0,0.4429,6.812,32.2,4.1007,5.0,216.0,14.9,396.9,4.85,279,35.1
19.6091,0.0,18.1,0.0,0.671,7.313,97.9,1.3163,24.0,666.0,20.2,396.9,13.44,375,15.0
0.06417,0.0,5.96,0.0,0.499,5.933,68.2,3.3603,5.0,279.0,19.2,396.9,9.68,35,18.9
51.1358,0.0,18.1,0.0,0.597,5.757,100.0,1.413,24.0,666.0,20.2,2.6,10.11,410,15.0
0.10959,0.0,11.93,0.0,0.573,6.794,89.3,2.3889,1.0,273.0,21.0,393.45,6.48,504,22.0
0.06263,0.0,11.93,0.0,0.573,6.593,69.1,2.4786,1.0,273.0,21.0,391.99,9.67,501,22.4
9.72418,0.0,18.1,0.0,0.74,6.406,97.2,2.0651,24.0,666.0,20.2,385.96,19.52,441,17.1
1.22358,0.0,19.58,0.0,0.605,6.943,97.4,1.8773,5.0,403.0,14.7,363.43,4.59,157,41.3
0.7258,0.0,8.14,0.0,0.538,5.727,69.5,3.7965,4.0,307.0,21.0,390.95,11.28,19,18.2
5.44114,0.0,18.1,0.0,0.713,6.655,98.2,2.3552,24.0,666.0,20.2,355.29,17.73,451,15.2
0.03551,25.0,4.86,0.0,0.426,6.167,46.7,5.4007,4.0,281.0,19.0,390.64,7.51,83,22.9
0.04684,0.0,3.41,0.0,0.489,6.417,66.1,3.0923,2.0,270.0,17.8,392.18,8.81,90,22.6
0.27957,0.0,9.69,0.0,0.585,5.926,42.6,2.3817,6.0,391.0,19.2,396.9,13.59,494,24.5
10.233,0.0,18.1,0.0,0.614,6.185,96.7,2.1705,24.0,666.0,20.2,379.7,18.03,478,14.6
0.09164,0.0,10.81,0.0,0.413,6.065,7.8,5.2873,4.0,305.0,19.2,390.91,5.52,72,22.8
3.8497,0.0,18.1,1.0,0.77,6.395,91.0,2.5052,24.0,666.0,20.2,391.34,13.27,357,21.7
0.08265,0.0,13.92,0.0,0.437,6.127,18.4,5.5027,4.0,289.0,16.0,396.9,8.58,293,23.9
0.09849,0.0,25.65,0.0,0.581,5.879,95.8,2.0063,2.0,188.0,19.1,379.38,17.58,124,18.8
0.26363,0.0,8.56,0.0,0.52,6.229,91.2,2.5451,5.0,384.0,20.9,391.23,15.55,109,19.4
0.25915,0.0,21.89,0.0,0.624,5.693,96.0,1.7883,4.0,437.0,21.2,392.11,17.19,127,16.2
1.49632,0.0,19.58,0.0,0.871,5.404,100.0,1.5916,5.0,403.0,14.7,341.6,13.28,151,19.6
8.64476,0.0,18.1,0.0,0.693,6.193,92.6,1.7912,24.0,666.0,20.2,396.9,15.17,393,13.8
1.25179,0.0,8.14,0.0,0.538,5.57,98.1,3.7979,4.0,307.0,21.0,376.57,21.02,20,13.6
5.87205,0.0,18.1,0.0,0.693,6.405,96.0,1.6768,24.0,666.0,20.2,396.9,19.37,396,12.5
0.11027,25.0,5.13,0.0,0.453,6.456,67.8,7.2255,8.0,284.0,19.7,396.9,6.73,62,22.2
0.13158,0.0,10.01,0.0,0.547,6.176,72.5,2.7301,6.0,432.0,17.8,393.3,12.04,116,21.2
0.06129,20.0,3.33,1.0,0.4429,7.645,49.7,5.2119,5.0,216.0,14.9,377.07,3.01,282,46.0
0.0136,75.0,4.0,0.0,0.41,5.888,47.6,7.3197,3.0,469.0,21.1,396.9,14.8,54,18.9
4.87141,0.0,18.1,0.0,0.614,6.484,93.6,2.3053,24.0,666.0,20.2,396.21,18.68,476,16.7
11.9511,0.0,18.1,0.0,0.659,5.608,100.0,1.2852,24.0,666.0,20.2,332.09,12.13,407,27.9
0.15876,0.0,10.81,0.0,0.413,5.961,17.5,5.2873,4.0,305.0,19.2,376.94,9.88,71,21.7
0.01096,55.0,2.25,0.0,0.389,6.453,31.9,7.3073,1.0,300.0,15.3,394.72,8.23,285,22.0
4.42228,0.0,18.1,0.0,0.584,6.003,94.5,2.5403,24.0,666.0,20.2,331.29,21.32,467,19.1
12.8023,0.0,18.1,0.0,0.74,5.854,96.6,1.8956,24.0,666.0,20.2,240.52,23.79,444,10.8
0.18836,0.0,6.91,0.0,0.448,5.786,33.3,5.1004,3.0,233.0,17.9,396.9,14.15,46,20.0
18.4982,0.0,18.1,0.0,0.668,4.138,100.0,1.137,24.0,666.0,20.2,396.9,37.97,374,13.8
3.69695,0.0,18.1,0.0,0.718,4.963,91.4,1.7523,24.0,666.0,20.2,316.03,14.0,366,21.9
11.1604,0.0,18.1,0.0,0.74,6.629,94.6,2.1247,24.0,666.0,20.2,109.85,23.27,435,13.4
11.8123,0.0,18.1,0.0,0.718,6.824,76.5,1.794,24.0,666.0,20.2,48.45,22.74,419,8.4
3.69311,0.0,18.1,0.0,0.713,6.376,88.4,2.5671,24.0,666.0,20.2,391.43,14.65,461,17.7
0.5405,20.0,3.97,0.0,0.575,7.47,52.6,2.872,5.0,264.0,13.0,390.3,3.16,268,43.5
0.11132,0.0,27.74,0.0,0.609,5.983,83.5,2.1099,4.0,711.0,20.1,396.9,13.35,492,20.1
